header row
admin,Administrator,Alexa,noone@nowhere.com,password,maintain,admin
aphillips,Phillips,Anna,noone@nowhere.com,password,maintain,aphillips
bkoppelman,Koppelman,Brian,noone@nowhere.com,password,maintain,bkoppelman
cbuckley,Buckley,Carlos,noone@nowhere.com,password,maintain,cbuckley
coliveira,Oliveira,Christian,noone@nowhere.com,password,maintain,coliveira
dlarue,Larue,Devin,noone@nowhere.com,password,maintain,dlarue
gjohnson,Andrews-Johnson,Gavin,noone@nowhere.com,password,maintain,gjohnson
klabelle,LaBelle,Katherine,noone@nowhere.com,password,maintain,klabelle
mbrissette,Brissette,Madison,noone@nowhere.com,password,maintain,mbrissette
mpaquette,Paquette,Mia,noone@nowhere.com,password,maintain,mpaquette
nwilson,Wilson,Nathaniel,noone@nowhere.com,password,maintain,nwilson
aallen,Allen,Aaliyah,noone@nowhere.com,password,registered,aallen
aaustin,Austin,Alma,noone@nowhere.com,password,registered,aaustin
abass,Bass,Aaron,noone@nowhere.com,password,registered,abass
abelanger,Belanger,Abigail,noone@nowhere.com,password,registered,abelanger
abishop,Bishop,Agnes,noone@nowhere.com,password,registered,abishop
aboyer,Boyer,Adam,noone@nowhere.com,password,registered,aboyer
abradley,Bradley,Ana,noone@nowhere.com,password,registered,abradley
abrouillette,Brouillette,Addison,noone@nowhere.com,password,registered,abrouillette
aburns,Burns,April,noone@nowhere.com,password,registered,aburns
acaldwell,Caldwell,Adrian,noone@nowhere.com,password,registered,acaldwell
acard,Card,Aidan,noone@nowhere.com,password,registered,acard
acarter,Carter,Amanda,noone@nowhere.com,password,registered,acarter
aceroni,Ceroni,Aiden,noone@nowhere.com,password,registered,aceroni
achampagne,Champagne,Alejandro,noone@nowhere.com,password,registered,achampagne
adias,Dias,Alex,noone@nowhere.com,password,registered,adias
adixon,Dixon,Amber,noone@nowhere.com,password,registered,adixon
aevans,Evans,Ann,noone@nowhere.com,password,registered,aevans
afaiola,Faiola,Alexander,noone@nowhere.com,password,registered,afaiola
afaria,Faria,Alexandra,noone@nowhere.com,password,registered,afaria
agaffney,Gaffney,Alexis,noone@nowhere.com,password,registered,agaffney
ahardy,Hardy,Ada,noone@nowhere.com,password,registered,ahardy
aharvey,Harvey,Arlene,noone@nowhere.com,password,registered,aharvey
ahenderson,Henderson,Andrea,noone@nowhere.com,password,registered,ahenderson
ahernandez,Hernandez,Angela,noone@nowhere.com,password,registered,ahernandez
ahill,Hill,Anna,noone@nowhere.com,password,registered,ahill
ajohnson,Johnson,Allison,noone@nowhere.com,password,registered,ajohnson
ajohnson2,Johnson,Alyssa,noone@nowhere.com,password,registered,ajohnson2
alima,Lima,Amelia,noone@nowhere.com,password,registered,alima
alopez,Lopez,Amy,noone@nowhere.com,password,registered,alopez
amacedo,Macedo,Andrea,noone@nowhere.com,password,registered,amacedo
amills,Mills,Alicia,noone@nowhere.com,password,registered,amills
amorales,Morales,Anita,noone@nowhere.com,password,registered,amorales
amorelli,Morelli,Andrew,noone@nowhere.com,password,registered,amorelli
anonnenmacher,Nonnenmacher,Angel,noone@nowhere.com,password,registered,anonnenmacher
aolson,Olson,Annette,noone@nowhere.com,password,registered,aolson
apaliotti,Paliotti,Angelina,noone@nowhere.com,password,registered,apaliotti
apicard,Picard,Anthony,noone@nowhere.com,password,registered,apicard
apowell,Powell,Anne,noone@nowhere.com,password,registered,apowell
aray,Ray,Audrey,noone@nowhere.com,password,registered,aray
arichardson,Richardson,Ashley,noone@nowhere.com,password,registered,arichardson
arioles,Rioles,Antonio,noone@nowhere.com,password,registered,arioles
arobles,Robles,Ariana,noone@nowhere.com,password,registered,arobles
arogers,Rogers,Arianna,noone@nowhere.com,password,registered,arogers
arussell,Russell,Annie,noone@nowhere.com,password,registered,arussell
asmith,Smith,Ashley,noone@nowhere.com,password,registered,asmith
astanley,Stanley,Allison,noone@nowhere.com,password,registered,astanley
astewart,Stewart,Alice,noone@nowhere.com,password,registered,astewart
atitus,Titus,Aubrey,noone@nowhere.com,password,registered,atitus
averducci,Verducci,Audrey,noone@nowhere.com,password,registered,averducci
awahl,Wahl,Austin,noone@nowhere.com,password,registered,awahl
awhitman,Whitman,Autumn,noone@nowhere.com,password,registered,awhitman
barnold,Arnold,Beatrice,noone@nowhere.com,password,registered,barnold
bbainter,Bainter,Benjamin,noone@nowhere.com,password,registered,bbainter
bball,Ball,Brandi,noone@nowhere.com,password,registered,bball
bbrooks,Brooks,Beverly,noone@nowhere.com,password,registered,bbrooks
bcraig,Craig,Bobbie,noone@nowhere.com,password,registered,bcraig
bdipaola,DiPaola,Blake,noone@nowhere.com,password,registered,bdipaola
bfaraone,Faraone,Brandon,noone@nowhere.com,password,registered,bfaraone
bferguson,Ferguson,Bertha,noone@nowhere.com,password,registered,bferguson
bfranklin,Franklin,Beth,noone@nowhere.com,password,registered,bfranklin
bgraves,Graves,Brandy,noone@nowhere.com,password,registered,bgraves
bhogan,Hogan,Brayden,noone@nowhere.com,password,registered,bhogan
bhorton,Horton,Billie,noone@nowhere.com,password,registered,bhorton
bhughes,Hughes,Bonnie,noone@nowhere.com,password,registered,bhughes
bjones,Jones,Barbara,noone@nowhere.com,password,registered,bjones
bkeller,Keller,Blanche,noone@nowhere.com,password,registered,bkeller
blambert,Lambert,Brianna,noone@nowhere.com,password,registered,blambert
bmarsocci,Marsocci,Brooke,noone@nowhere.com,password,registered,bmarsocci
bmiles,Miles,Becky,noone@nowhere.com,password,registered,bmiles
bmorrison,Morrison,Bessie,noone@nowhere.com,password,registered,bmorrison
bnewton,Newton,Brooklyn,noone@nowhere.com,password,registered,bnewton
bperry,Perry,Bryan,noone@nowhere.com,password,registered,bperry
briley,Riley,Brittany,noone@nowhere.com,password,registered,briley
brondeau,Rondeau,Brandon,noone@nowhere.com,password,registered,brondeau
bvaughn,Vaughn,Belinda,noone@nowhere.com,password,registered,bvaughn
bwallace,Wallace,Brayden,noone@nowhere.com,password,registered,bwallace
bwhite,White,Betty,noone@nowhere.com,password,registered,bwhite
bwillis,Willis,Bernice,noone@nowhere.com,password,registered,bwillis
bwright,Wright,Brenda,noone@nowhere.com,password,registered,bwright
calvarez,Alvarez,Charlene,noone@nowhere.com,password,registered,calvarez
cbarnett,Barnett,Carole,noone@nowhere.com,password,registered,cbarnett
cbergeron,Bergeron,Caden,noone@nowhere.com,password,registered,cbergeron
cbourque,Bourque,Caleb,noone@nowhere.com,password,registered,cbourque
cbowman,Bowman,Caroline,noone@nowhere.com,password,registered,cbowman
cbrown,Brown,Cameron,noone@nowhere.com,password,registered,cbrown
cburton,Burton,Colleen,noone@nowhere.com,password,registered,cburton
ccampbell,Campbell,Catherine,noone@nowhere.com,password,registered,ccampbell
ccornell,Cornell,Caroline,noone@nowhere.com,password,registered,ccornell
cday,Day,Courtney,noone@nowhere.com,password,registered,cday
cfeole,Feole,Carson,noone@nowhere.com,password,registered,cfeole
cfisher,Fisher,Cindy,noone@nowhere.com,password,registered,cfisher
cford,Ford,Crystal,noone@nowhere.com,password,registered,cford
cfuller,Fuller,Claudia,noone@nowhere.com,password,registered,cfuller
cgarcia,Garcia,Carol,noone@nowhere.com,password,registered,cgarcia
cgutierrez,Gutierrez,Carla,noone@nowhere.com,password,registered,cgutierrez
chedenberg,Hedenberg,Carter,noone@nowhere.com,password,registered,chedenberg
chunter,Hunter,Charlotte,noone@nowhere.com,password,registered,chunter
cjohnston,Johnston,Charles,noone@nowhere.com,password,registered,cjohnston
ckusma,Kusma,Chase,noone@nowhere.com,password,registered,ckusma
clacerda,Lacerda,Chloe,noone@nowhere.com,password,registered,clacerda
cmurphy,Murphy,Cheryl,noone@nowhere.com,password,registered,cmurphy
cnewman,Newman,Claire,noone@nowhere.com,password,registered,cnewman
cowens,Owens,Carmen,noone@nowhere.com,password,registered,cowens
cpage,Page,Cecilia,noone@nowhere.com,password,registered,cpage
cperez,Perez,Carolyn,noone@nowhere.com,password,registered,cperez
cporter,Porter,Carrie,noone@nowhere.com,password,registered,cporter
cramirez,Ramirez,Christina,noone@nowhere.com,password,registered,cramirez
creid,Reid,Constance,noone@nowhere.com,password,registered,creid
creis,Reis,Christopher,noone@nowhere.com,password,registered,creis
crichards,Richards,Claire,noone@nowhere.com,password,registered,crichards
crivera,Rivera,Cole,noone@nowhere.com,password,registered,crivera
croberts,Roberts,Christine,noone@nowhere.com,password,registered,croberts
csantiago,Santiago,Cora,noone@nowhere.com,password,registered,csantiago
cshaw,Shaw,Clara,noone@nowhere.com,password,registered,cshaw
csnape,Snape,Connor,noone@nowhere.com,password,registered,csnape
cspencer,Spencer,Cathy,noone@nowhere.com,password,registered,cspencer
cstefanik,Stefanik,Caden,noone@nowhere.com,password,registered,cstefanik
cstevens,Stevens,Caleb,noone@nowhere.com,password,registered,cstevens
ctherrien,Therrien,Cameron,noone@nowhere.com,password,registered,ctherrien
ctrogisch,Teixeira,Carlos,noone@nowhere.com,password,registered,ctrogisch
cvallee,Vallee,Caroline,noone@nowhere.com,password,registered,cvallee
cvandervelde,Vandervelde,Carson,noone@nowhere.com,password,registered,cvandervelde
cvargas,Vargas,Christy,noone@nowhere.com,password,registered,cvargas
cwallace,Wallace,Connie,noone@nowhere.com,password,registered,cwallace
cwalters,Walters,Cassandra,noone@nowhere.com,password,registered,cwalters
cwashburn,Washburn,Carter,noone@nowhere.com,password,registered,cwashburn
cyoung,Young,Cynthia,noone@nowhere.com,password,registered,cyoung
dalexander,Alexander,Diana,noone@nowhere.com,password,registered,dalexander
dascoli,Ascoli,Daniel,noone@nowhere.com,password,registered,dascoli
dbates,Bates,Daisy,noone@nowhere.com,password,registered,dbates
dbonin,Bonin,David,noone@nowhere.com,password,registered,dbonin
dbryden,Bryden,Dennis,noone@nowhere.com,password,registered,dbryden
dbyrd,Byrd,Deanna,noone@nowhere.com,password,registered,dbyrd
dcaparco,Caparco,Dylan,noone@nowhere.com,password,registered,dcaparco
dcollins,Collins,Diane,noone@nowhere.com,password,registered,dcollins
dcorreira,Correira,Domenique,noone@nowhere.com,password,registered,dcorreira
dcoulombe,Coulombe,Derrek,noone@nowhere.com,password,registered,dcoulombe
ddaniels,Daniels,Danielle,noone@nowhere.com,password,registered,ddaniels
ddesousa,DeSousa,Donna,noone@nowhere.com,password,registered,ddesousa
dgallagher,Gallagher,Daniel,noone@nowhere.com,password,registered,dgallagher
dhansen,Hansen,Delores,noone@nowhere.com,password,registered,dhansen
dhart,Hart,Dana,noone@nowhere.com,password,registered,dhart
dhoule,Houle,Danielle,noone@nowhere.com,password,registered,dhoule
dkelly,Kelly,Denise,noone@nowhere.com,password,registered,dkelly
dlafleur,LaFleur,Derek,noone@nowhere.com,password,registered,dlafleur
dmattoon,Mattoon,David,noone@nowhere.com,password,registered,dmattoon
dmedina,Medina,Dora,noone@nowhere.com,password,registered,dmedina
dnelson,Nelson,Debra,noone@nowhere.com,password,registered,dnelson
dreed,Reed,Doris,noone@nowhere.com,password,registered,dreed
dreyes,Reyes,Debbie,noone@nowhere.com,password,registered,dreyes
drobertson,Robertson,Derek,noone@nowhere.com,password,registered,drobertson
drose,Rose,Darlene,noone@nowhere.com,password,registered,drose
dsegeren,Segeren,Derek,noone@nowhere.com,password,registered,dsegeren
dshelton,Shelton,Dianne,noone@nowhere.com,password,registered,dshelton
dsullivan,Sullivan,Dawn,noone@nowhere.com,password,registered,dsullivan
dswedits,Swedits,Danielle,noone@nowhere.com,password,registered,dswedits
dtaylor,Taylor,Dorothy,noone@nowhere.com,password,registered,dtaylor
dthompson,Thompson,Donna,noone@nowhere.com,password,registered,dthompson
dwagner,Wagner,Dolores,noone@nowhere.com,password,registered,dwagner
dwalker,Walker,Deborah,noone@nowhere.com,password,registered,dwalker
eboyd,Boyd,Emma,noone@nowhere.com,password,registered,eboyd
ebrown,Brown,Elizabeth,noone@nowhere.com,password,registered,ebrown
ecarr,Carr,Eileen,noone@nowhere.com,password,registered,ecarr
ecloutier,Cloutier,Elijah,noone@nowhere.com,password,registered,ecloutier
ecrawford,Crawford,Esther,noone@nowhere.com,password,registered,ecrawford
ediaz,Diaz,Emily,noone@nowhere.com,password,registered,ediaz
edunn,Dunn,Erin,noone@nowhere.com,password,registered,edunn
ehunt,Hunt,Eleanor,noone@nowhere.com,password,registered,ehunt
einman,Inman,Elizabeth,noone@nowhere.com,password,registered,einman
ekelley,Kelley,Elsie,noone@nowhere.com,password,registered,ekelley
ematthews,Matthews,Erica,noone@nowhere.com,password,registered,ematthews
emcdonald,Mcdonald,Edith,noone@nowhere.com,password,registered,emcdonald
emorgan,Morgan,Evelyn,noone@nowhere.com,password,registered,emorgan
eoliver,Oliver,Ella,noone@nowhere.com,password,registered,eoliver
epapa,Papa,Ella,noone@nowhere.com,password,registered,epapa
epena,Pena,Erika,noone@nowhere.com,password,registered,epena
epetrocelli,Petrocelli,Emily,noone@nowhere.com,password,registered,epetrocelli
eramos,Ramos,Eva,noone@nowhere.com,password,registered,eramos
erose,Rose,Emma,noone@nowhere.com,password,registered,erose
erotella,Rotella,Eric,noone@nowhere.com,password,registered,erotella
esimpson,Simpson,Ellen,noone@nowhere.com,password,registered,esimpson
estamp,Stamp,Ethan,noone@nowhere.com,password,registered,estamp
estevens,Stevens,Elaine,noone@nowhere.com,password,registered,estevens
esturdavant,Sturdavant,Evan,noone@nowhere.com,password,registered,esturdavant
ewebb,Webb,Ethel,noone@nowhere.com,password,registered,ewebb
ewest,West,Edna,noone@nowhere.com,password,registered,ewest
fnorris,Norris,Faye,noone@nowhere.com,password,registered,fnorris
fparker,Parker,Frances,noone@nowhere.com,password,registered,fparker
fsutton,Sutton,Felicia,noone@nowhere.com,password,registered,fsutton
fwhitmore,Whitmore,Faith,noone@nowhere.com,password,registered,fwhitmore
fwoods,Woods,Florence,noone@nowhere.com,password,registered,fwoods
gbush,Bush,Guadalupe,noone@nowhere.com,password,registered,gbush
gcastillo,Castillo,Gertrude,noone@nowhere.com,password,registered,gcastillo
gconley,Conley,Gabrielle,noone@nowhere.com,password,registered,gconley
gcook,Cook,Gloria,noone@nowhere.com,password,registered,gcook
gellis,Ellis,Grace,noone@nowhere.com,password,registered,gellis
gfrazier,Frazier,Glenda,noone@nowhere.com,password,registered,gfrazier
ghamilton,Hamilton,Gladys,noone@nowhere.com,password,registered,ghamilton
gjacobs,Jacobs,Georgia,noone@nowhere.com,password,registered,gjacobs
gknight,Knight,Gail,noone@nowhere.com,password,registered,gknight
gmay,May,Gwendolyn,noone@nowhere.com,password,registered,gmay
gmendez,Mendez,Geneva,noone@nowhere.com,password,registered,gmendez
gperkins,Perkins,Geraldine,noone@nowhere.com,password,registered,gperkins
gtaylor,Taylor,Gianna,noone@nowhere.com,password,registered,gtaylor
gwilliamson,Williamson,Gina,noone@nowhere.com,password,registered,gwilliamson
hbarker,Barker,Harriet,noone@nowhere.com,password,registered,hbarker
hfox,Fox,Holly,noone@nowhere.com,password,registered,hfox
hharris,Harris,Helen,noone@nowhere.com,password,registered,hharris
hhopkins,Hopkins,Hilda,noone@nowhere.com,password,registered,hhopkins
hlarson,Larson,Heidi,noone@nowhere.com,password,registered,hlarson
hmann,Mann,Hayden,noone@nowhere.com,password,registered,hmann
hmcdonnell,McDonnell,Henry,noone@nowhere.com,password,registered,hmcdonnell
hmorris,Morris,Heather,noone@nowhere.com,password,registered,hmorris
hschultz,Schultz,Hattie,noone@nowhere.com,password,registered,hschultz
hwarren,Warren,Hazel,noone@nowhere.com,password,registered,hwarren
hyakes,Yakes,Hunter,noone@nowhere.com,password,registered,hyakes
iandrews,Andrews,Ida,noone@nowhere.com,password,registered,iandrews
icurry,Curry,Isabel,noone@nowhere.com,password,registered,icurry
ipearson,Pearson,Irma,noone@nowhere.com,password,registered,ipearson
iprice,Price,Irene,noone@nowhere.com,password,registered,iprice
jbanks,Banks,Jessie,noone@nowhere.com,password,registered,jbanks
jbell,Bell,Jean,noone@nowhere.com,password,registered,jbell
jbennett,Bennett,Jane,noone@nowhere.com,password,registered,jbennett
jbouchard,Bouchard,Jack,noone@nowhere.com,password,registered,jbouchard
jboucher,Boucher,Jackson,noone@nowhere.com,password,registered,jboucher
jbourgault,Bourgault,Jacob,noone@nowhere.com,password,registered,jbourgault
jcarroll,Carroll,June,noone@nowhere.com,password,registered,jcarroll
jcastro,Castro,Jenny,noone@nowhere.com,password,registered,jcastro
jcatalfamo,Catalfamo,Jada,noone@nowhere.com,password,registered,jcatalfamo
jchevalier,Chevalier,Jaden,noone@nowhere.com,password,registered,jchevalier
jcooper,Cooper,Joan,noone@nowhere.com,password,registered,jcooper
jcostabile,Costabile,James,noone@nowhere.com,password,registered,jcostabile
jcox,Cox,Judith,noone@nowhere.com,password,registered,jcox
jdavis,Davis,Jennifer,noone@nowhere.com,password,registered,jdavis
jdemers,Demers,Jasmine,noone@nowhere.com,password,registered,jdemers
jedwards,Edwards,Joyce,noone@nowhere.com,password,registered,jedwards
jenglishii,English,Jason,noone@nowhere.com,password,registered,jenglishii
jflores,Flores,Julia,noone@nowhere.com,password,registered,jflores
jfowler,Fowler,Jo,noone@nowhere.com,password,registered,jfowler
jgardner,Gardner,Joann,noone@nowhere.com,password,registered,jgardner
jgeorge,George,Joy,noone@nowhere.com,password,registered,jgeorge
jgomez,Gomez,Josephine,noone@nowhere.com,password,registered,jgomez
jgoncalves,Goncalves,Jayden,noone@nowhere.com,password,registered,jgoncalves
jgray,Gray,Judy,noone@nowhere.com,password,registered,jgray
jgreene,Greene,Jeanette,noone@nowhere.com,password,registered,jgreene
jhall,Hall,Jessica,noone@nowhere.com,password,registered,jhall
jhawkins,Hawkins,Jill,noone@nowhere.com,password,registered,jhawkins
jhaynes,Haynes,Jayla,noone@nowhere.com,password,registered,jhaynes
jlawson,Lawson,Jeanne,noone@nowhere.com,password,registered,jlawson
jlong,Long,Jacqueline,noone@nowhere.com,password,registered,jlong
jlynch,Lynch,Jackie,noone@nowhere.com,password,registered,jlynch
jmason,Mason,Juanita,noone@nowhere.com,password,registered,jmason
jmorin,Morin,Jenna,noone@nowhere.com,password,registered,jmorin
jpare',Pare`,Jennifer,noone@nowhere.com,password,registered,jpare'
jphillips,Phillips,Janet,noone@nowhere.com,password,registered,jphillips
jpreble,Preble,Jeremiah,noone@nowhere.com,password,registered,jpreble
jrice,Rice,Jamie,noone@nowhere.com,password,registered,jrice
jrobertson,Robertson,Joanne,noone@nowhere.com,password,registered,jrobertson
jsacks,Sacks,Jessica,noone@nowhere.com,password,registered,jsacks
jsanchez,Sanchez,Julie,noone@nowhere.com,password,registered,jsanchez
jterry,Terry,Jennie,noone@nowhere.com,password,registered,jterry
jthomson,Thomson,Jesus,noone@nowhere.com,password,registered,jthomson
jward,Ward,Janice,noone@nowhere.com,password,registered,jward
kadams,Adams,Kathleen,noone@nowhere.com,password,registered,kadams
kahearn,Ahearn,Kaden,noone@nowhere.com,password,registered,kahearn
kbannon,Bannon,Kaitlyn,noone@nowhere.com,password,registered,kbannon
kbeattie,Beattie,Katelyn,noone@nowhere.com,password,registered,kbeattie
kbeck,Beck,Katrina,noone@nowhere.com,password,registered,kbeck
kbennett,Bennett,Katherine,noone@nowhere.com,password,registered,kbennett
kcaldwell,Caldwell,Kay,noone@nowhere.com,password,registered,kcaldwell
kcampbell,Campbell,Kayla,noone@nowhere.com,password,registered,kcampbell
kchambers,Chambers,Kristina,noone@nowhere.com,password,registered,kchambers
kchavez,Chavez,Kristen,noone@nowhere.com,password,registered,kchavez
kcoleman,Coleman,Kathryn,noone@nowhere.com,password,registered,kcoleman
kconfreda,Confreda,Kaylee,noone@nowhere.com,password,registered,kconfreda
kcotnoir,Cotnoir,Kevin,noone@nowhere.com,password,registered,kcotnoir
kcruz,Cruz,Kim,noone@nowhere.com,password,registered,kcruz
kdavis2,Davis,Kimberly,noone@nowhere.com,password,registered,kdavis2
kelliott,Elliott,Katie,noone@nowhere.com,password,registered,kelliott
kfournier,Fournier,Kyle,noone@nowhere.com,password,registered,kfournier
kgarner,Garner,Kylie,noone@nowhere.com,password,registered,kgarner
khetherman,Hetherman,Kaden,noone@nowhere.com,password,registered,khetherman
kjackson,Jackson,Karen,noone@nowhere.com,password,registered,kjackson
kjalbert,Jalbert,Kaitlyn,noone@nowhere.com,password,registered,kjalbert
kjames,James,Kathy,noone@nowhere.com,password,registered,kjames
kjohnston,Johnston,Kristin,noone@nowhere.com,password,registered,kjohnston
kkelling,Kelling,Katelyn,noone@nowhere.com,password,registered,kkelling
klarney,Larney,Kayla,noone@nowhere.com,password,registered,klarney
klaurenzo,Laurenzo,Kaylee,noone@nowhere.com,password,registered,klaurenzo
klee,Lee,Kimberly,noone@nowhere.com,password,registered,klee
kmoreau,Moreau,Kevin,noone@nowhere.com,password,registered,kmoreau
kmunoz,Munoz,Kristi,noone@nowhere.com,password,registered,kmunoz
knix,Nix,Kimberly,noone@nowhere.com,password,registered,knix
knorigian,Norigian,Kyle,noone@nowhere.com,password,registered,knorigian
kpalmer,Palmer,Kylie,noone@nowhere.com,password,registered,kpalmer
krichardson,Richardson,Kori,noone@nowhere.com,password,registered,krichardson
krivera,Rivera,Katherine,noone@nowhere.com,password,registered,krivera
ktorres,Torres,Kelly,noone@nowhere.com,password,registered,ktorres
ktuchon,Tuchon,Kiki,noone@nowhere.com,password,registered,ktuchon
landerson,Anderson,Lisa,noone@nowhere.com,password,registered,landerson
lburke,Burke,Lydia,noone@nowhere.com,password,registered,lburke
lbutler,Butler,Lois,noone@nowhere.com,password,registered,lbutler
lcarpenter,Carpenter,Loretta,noone@nowhere.com,password,registered,lcarpenter
lcurtis,Curtis,Leah,noone@nowhere.com,password,registered,lcurtis
ldeblois,DeBlois,Leah,noone@nowhere.com,password,registered,ldeblois
lgordon,Gordon,Leslie,noone@nowhere.com,password,registered,lgordon
lgriffin,Griffin,Lillian,noone@nowhere.com,password,registered,lgriffin
lhaynes,Haynes,Lindsey,noone@nowhere.com,password,registered,lhaynes
lholmes,Holmes,Lucille,noone@nowhere.com,password,registered,lholmes
lhudson,Hudson,Lauren,noone@nowhere.com,password,registered,lhudson
ljenkins,Jenkins,Louise,noone@nowhere.com,password,registered,ljenkins
ljensen,Jensen,Lena,noone@nowhere.com,password,registered,ljensen
lkim,Kim,Lillie,noone@nowhere.com,password,registered,lkim
llafond,Lafond,Liam,noone@nowhere.com,password,registered,llafond
llawrence,Lawrence,Laurie,noone@nowhere.com,password,registered,llawrence
lmcdaniel,Mcdaniel,Lindsay,noone@nowhere.com,password,registered,lmcdaniel
lobrien,Obrien,Leona,noone@nowhere.com,password,registered,lobrien
lpayne,Payne,Lynn,noone@nowhere.com,password,registered,lpayne
lrodriguez,Rodriguez,Laura,noone@nowhere.com,password,registered,lrodriguez
lshaffer,Shaffer,Lillian,noone@nowhere.com,password,registered,lshaffer
lstephens,Stephens,Lorraine,noone@nowhere.com,password,registered,lstephens
lwheeler,Wheeler,Lucy,noone@nowhere.com,password,registered,lwheeler
lwilliams,Williams,Linda,noone@nowhere.com,password,registered,lwilliams
lwood,Wood,Lori,noone@nowhere.com,password,registered,lwood
marmstrong,Armstrong,Melanie,noone@nowhere.com,password,registered,marmstrong
mbailey,Bailey,Mildred,noone@nowhere.com,password,registered,mbailey
"mbarsana,ii","Barsana,II",Mackenzie,noone@nowhere.com,password,registered,"mbarsana,ii"
mbenoit,Benoit,Madeline,noone@nowhere.com,password,registered,mbenoit
mbrouillard,Brouillard,Makayla,noone@nowhere.com,password,registered,mbrouillard
mbrouillard2,Brouillard,Maria,noone@nowhere.com,password,registered,mbrouillard2
mcard,Card,Mariah,noone@nowhere.com,password,registered,mcard
mcary,Cary,Mary,noone@nowhere.com,password,registered,mcary
mclark,Clark,Michelle,noone@nowhere.com,password,registered,mclark
mdean,Dean,Marcia,noone@nowhere.com,password,registered,mdean
mdouglas,Douglas,Marsha,noone@nowhere.com,password,registered,mdouglas
mfernandez,Fernandez,Melinda,noone@nowhere.com,password,registered,mfernandez
mferoce,Feroce,Mason,noone@nowhere.com,password,registered,mferoce
mfleming,Fleming,Myrtle,noone@nowhere.com,password,registered,mfleming
mfletcher,Fletcher,Mae,noone@nowhere.com,password,registered,mfletcher
mgoff,Goff,Matthew,noone@nowhere.com,password,registered,mgoff
mgonzalez,Gonzalez,Martha,noone@nowhere.com,password,registered,mgonzalez
mgrant,Grant,Michele,noone@nowhere.com,password,registered,mgrant
mguzman,Guzman,Molly,noone@nowhere.com,password,registered,mguzman
mhicks,Hicks,Monica,noone@nowhere.com,password,registered,mhicks
mhoffman,Hoffman,Mattie,noone@nowhere.com,password,registered,mhoffman
mholland,Holland,Mabel,noone@nowhere.com,password,registered,mholland
mking,King,Melissa,noone@nowhere.com,password,registered,mking
mlambert,Lambert,Misty,noone@nowhere.com,password,registered,mlambert
mlasorsa,Lasorsa,Maya,noone@nowhere.com,password,registered,mlasorsa
mlittle,Little,Maureen,noone@nowhere.com,password,registered,mlittle
mmckinney,Mckinney,Miriam,noone@nowhere.com,password,registered,mmckinney
mmclellan,McLellan,Megan,noone@nowhere.com,password,registered,mmclellan
mmendoza,Mendoza,Marian,noone@nowhere.com,password,registered,mmendoza
mmiller,Miller,Maria,noone@nowhere.com,password,registered,mmiller
mmoore,Moore,Margaret,noone@nowhere.com,password,registered,mmoore
mpaiva,Paiva,Melanie,noone@nowhere.com,password,registered,mpaiva
mpalmer,Palmer,Megan,noone@nowhere.com,password,registered,mpalmer
mparks,Parks,Margarita,noone@nowhere.com,password,registered,mparks
mperry,Perry,Michael,noone@nowhere.com,password,registered,mperry
mpowers,Powers,Marguerite,noone@nowhere.com,password,registered,mpowers
mromero,Romero,Minnie,noone@nowhere.com,password,registered,mromero
mross,Ross,Marilyn,noone@nowhere.com,password,registered,mross
msears,Sears,Michelle,noone@nowhere.com,password,registered,msears
mshaffer,Shaffer,Miguel,noone@nowhere.com,password,registered,mshaffer
msilva,Silva,Maxine,noone@nowhere.com,password,registered,msilva
msmith,Smith,Mary,noone@nowhere.com,password,registered,msmith
msnyder,Snyder,Marion,noone@nowhere.com,password,registered,msnyder
msoscia,Soscia,Morgan,noone@nowhere.com,password,registered,msoscia
mtidswell,Tidswell,Mick,noone@nowhere.com,password,registered,mtidswell
mtucker,Tucker,Marjorie,noone@nowhere.com,password,registered,mtucker
mturner,Turner,Marie,noone@nowhere.com,password,registered,mturner
mwade,Wade,Margie,noone@nowhere.com,password,registered,mwade
mwelch,Welch,Marlene,noone@nowhere.com,password,registered,mwelch
nclauson,Clauson,Natalia,noone@nowhere.com,password,registered,nclauson
nenos,Enos,Natalie,noone@nowhere.com,password,registered,nenos
ngarrett,Garrett,Nellie,noone@nowhere.com,password,registered,ngarrett
ngonzales,Gonzales,Norma,noone@nowhere.com,password,registered,ngonzales
nhammond,Hammond,Nathan,noone@nowhere.com,password,registered,nhammond
nherrera,Herrera,Nora,noone@nowhere.com,password,registered,nherrera
njennings,Jennings,Naomi,noone@nowhere.com,password,registered,njennings
nlove,Love,Natasha,noone@nowhere.com,password,registered,nlove
nmaini,Maini,Nathaniel,noone@nowhere.com,password,registered,nmaini
nmcginn,McGinn,Nevaeh,noone@nowhere.com,password,registered,nmcginn
nmeyer,Meyer,Natalie,noone@nowhere.com,password,registered,nmeyer
nnajecki,Najecki,Nicholas,noone@nowhere.com,password,registered,nnajecki
nosti,Osti,Nicole,noone@nowhere.com,password,registered,nosti
nperue,Perue,Noah,noone@nowhere.com,password,registered,nperue
npeterson,Peterson,Nicole,noone@nowhere.com,password,registered,npeterson
nsmith,Smith,Nathan,noone@nowhere.com,password,registered,nsmith
nsoto,Soto,Nina,noone@nowhere.com,password,registered,nsoto
nthomas,Thomas,Nancy,noone@nowhere.com,password,registered,nthomas
nziehl,Ziehl,Nevaeh,noone@nowhere.com,password,registered,nziehl
ojimenez,Jimenez,Olga,noone@nowhere.com,password,registered,ojimenez
pbaker,Baker,Pamela,noone@nowhere.com,password,registered,pbaker
pbryant,Bryant,Paula,noone@nowhere.com,password,registered,pbryant
pdavidson,Davidson,Patsy,noone@nowhere.com,password,registered,pdavidson
pfoster,Foster,Phyllis,noone@nowhere.com,password,registered,pfoster
pgarza,Garza,Pearl,noone@nowhere.com,password,registered,pgarza
phenry,Henry,Pauline,noone@nowhere.com,password,registered,phenry
pjohnson,Johnson,Patricia,noone@nowhere.com,password,registered,pjohnson
pkeener,Keener,Porter,noone@nowhere.com,password,registered,pkeener
plowe,Lowe,Priscilla,noone@nowhere.com,password,registered,plowe
pmyers,Myers,Peggy,noone@nowhere.com,password,registered,pmyers
pneal,Neal,Penny,noone@nowhere.com,password,registered,pneal
rbarnes,Barnes,Rachel,noone@nowhere.com,password,registered,rbarnes
rbartholomew,Bartholomew,Rachel,noone@nowhere.com,password,registered,rbartholomew
rberry,Berry,Regina,noone@nowhere.com,password,registered,rberry
rgagnon,Gagnon,Rebecca,noone@nowhere.com,password,registered,rgagnon
rgraham,Graham,Rita,noone@nowhere.com,password,registered,rgraham
rhale,Hale,Ramona,noone@nowhere.com,password,registered,rhale
rharper,Harper,Roberta,noone@nowhere.com,password,registered,rharper
rhayes,Hayes,Robin,noone@nowhere.com,password,registered,rhayes
rhoward,Howard,Richard,noone@nowhere.com,password,registered,rhoward
rhoward,Howard,Rose,noone@nowhere.com,password,registered,rhoward
rjackman,Jackman,Riley,noone@nowhere.com,password,registered,rjackman
rkennedy,Kennedy,Rhonda,noone@nowhere.com,password,registered,rkennedy
rlane,Lane,Renee,noone@nowhere.com,password,registered,rlane
rmartinez,Martinez,Ruth,noone@nowhere.com,password,registered,rmartinez
rreynolds,Reynolds,Rosa,noone@nowhere.com,password,registered,rreynolds
rschmidt,Schmidt,Rosemary,noone@nowhere.com,password,registered,rschmidt
rscott,Scott,Rebecca,noone@nowhere.com,password,registered,rscott
rsilva,Silva,Robert,noone@nowhere.com,password,registered,rsilva
rthompson,Thompson,Ryan,noone@nowhere.com,password,registered,rthompson
rwashington,Washington,Ruby,noone@nowhere.com,password,registered,rwashington
rwhitfield,Whitfield,Rose,noone@nowhere.com,password,registered,rwhitfield
sallen,Allen,Shirley,noone@nowhere.com,password,registered,sallen
sbjorklund,Bjorklund,Samantha,noone@nowhere.com,password,registered,sbjorklund
scrist,Crist,Samuel,noone@nowhere.com,password,registered,scrist
scunningham,Cunningham,Stacy,noone@nowhere.com,password,registered,scunningham
sdawson,Dawson,Sheryl,noone@nowhere.com,password,registered,sdawson
sd'onofrio,D'Onofrio,Sara,noone@nowhere.com,password,registered,sd'onofrio
sduncan,Duncan,Samantha,noone@nowhere.com,password,registered,sduncan
seagleson,Eagleson,Sarah,noone@nowhere.com,password,registered,seagleson
sfreeman,Freeman,Shannon,noone@nowhere.com,password,registered,sfreeman
sgregory,Gregory,Sonia,noone@nowhere.com,password,registered,sgregory
sgrenier,Grenier,Savannah,noone@nowhere.com,password,registered,sgrenier
shalpin,Halpin,Sean,noone@nowhere.com,password,registered,shalpin
slewis,Lewis,Sarah,noone@nowhere.com,password,registered,slewis
smarshall,Marshall,Sherry,noone@nowhere.com,password,registered,smarshall
smartin,Martin,Sandra,noone@nowhere.com,password,registered,smartin
smitchell,Mitchell,Stephanie,noone@nowhere.com,password,registered,smitchell
smoney,Money,Sebastian,noone@nowhere.com,password,registered,smoney
smontgomery,Montgomery,Stacey,noone@nowhere.com,password,registered,smontgomery
smoreno,Moreno,Stella,noone@nowhere.com,password,registered,smoreno
snichols,Nichols,Suzanne,noone@nowhere.com,password,registered,snichols
sortiz,Ortiz,Sylvia,noone@nowhere.com,password,registered,sortiz
sperry,Perry,Sara,noone@nowhere.com,password,registered,sperry
speters,Peters,Sue,noone@nowhere.com,password,registered,speters
spierce,Pierce,Sally,noone@nowhere.com,password,registered,spierce
srhodes,Rhodes,Sherri,noone@nowhere.com,password,registered,srhodes
srobinson,Robinson,Sharon,noone@nowhere.com,password,registered,srobinson
sst.jean,St.Jean,Sofia,noone@nowhere.com,password,registered,sst.jean
ssteele,Steele,Sabrina,noone@nowhere.com,password,registered,ssteele
sstruebing,Struebing,Sophia,noone@nowhere.com,password,registered,sstruebing
svandal,Vandal,Stephanie,noone@nowhere.com,password,registered,svandal
swatts,Watts,Shelly,noone@nowhere.com,password,registered,swatts
swells,Wells,Sheila,noone@nowhere.com,password,registered,swells
swilson,Wilson,Susan,noone@nowhere.com,password,registered,swilson
syoest,Yoest,Steven,noone@nowhere.com,password,registered,syoest
szahn,Zahn,Sydney,noone@nowhere.com,password,registered,szahn
tbarrett,Barrett,Tracey,noone@nowhere.com,password,registered,tbarrett
tbrown,Brown,Taylor,noone@nowhere.com,password,registered,tbrown
tcabral,Cabral,Thomas,noone@nowhere.com,password,registered,tcabral
tcarlson,Carlson,Terry,noone@nowhere.com,password,registered,tcarlson
tchapman,Chapman,Tonya,noone@nowhere.com,password,registered,tchapman
tcole,Cole,Tracy,noone@nowhere.com,password,registered,tcole
tgilbert,Gilbert,Tanya,noone@nowhere.com,password,registered,tgilbert
thannagan,Hannagan,Timothy,noone@nowhere.com,password,registered,thannagan
theard,Heard,Trinity,noone@nowhere.com,password,registered,theard
tholt,Holt,Toni,noone@nowhere.com,password,registered,tholt
tjordan,Jordan,Tiffany,noone@nowhere.com,password,registered,tjordan
tmurray,Murray,Thelma,noone@nowhere.com,password,registered,tmurray
tnguyen,Nguyen,Tamara,noone@nowhere.com,password,registered,tnguyen
tnoel,Noel,Tristan,noone@nowhere.com,password,registered,tnoel
trogers,Rogers,Teresa,noone@nowhere.com,password,registered,trogers
tryan,Ryan,Tara,noone@nowhere.com,password,registered,tryan
tsanders,Sanders,Tammy,noone@nowhere.com,password,registered,tsanders
tsimmons,Simmons,Tina,noone@nowhere.com,password,registered,tsimmons
tvasquez,Vasquez,Terri,noone@nowhere.com,password,registered,tvasquez
twatson,Watson,Theresa,noone@nowhere.com,password,registered,twatson
vashley,Ashley,Vicky,noone@nowhere.com,password,registered,vashley
vblack,Black,Valerie,noone@nowhere.com,password,registered,vblack
vbrewer,Brewer,Vickie,noone@nowhere.com,password,registered,vbrewer
vdarling,Darling,Veruca,noone@nowhere.com,password,registered,vdarling
vfields,Fields,Vicki,noone@nowhere.com,password,registered,vfields
vgibson,Gibson,Victoria,noone@nowhere.com,password,registered,vgibson
vgreen,Green,Virginia,noone@nowhere.com,password,registered,vgreen
vhanson,Hanson,Viola,noone@nowhere.com,password,registered,vhanson
vlucas,Lucas,Velma,noone@nowhere.com,password,registered,vlucas
vmccoy,Mccoy,Vera,noone@nowhere.com,password,registered,vmccoy
vrodriquez,Rodriquez,Violet,noone@nowhere.com,password,registered,vrodriquez
vruiz,Ruiz,Vivian,noone@nowhere.com,password,registered,vruiz
vsims,Sims,Vanessa,noone@nowhere.com,password,registered,vsims
vstone,Stone,Veronica,noone@nowhere.com,password,registered,vstone
wharrison,Harrison,Wendy,noone@nowhere.com,password,registered,wharrison
whowell,Howell,Willie,noone@nowhere.com,password,registered,whowell
wlyons,Lyons,Wilbur,noone@nowhere.com,password,registered,wlyons
wpatterson,Patterson,Wanda,noone@nowhere.com,password,registered,wpatterson
wpotter,Potter,Wendell,noone@nowhere.com,password,registered,wpotter
wrichards,Richards,Wilma,noone@nowhere.com,password,registered,wrichards
wsacks,Sacks,Wyatt,noone@nowhere.com,password,registered,wsacks
wwest,West,Waiter,noone@nowhere.com,password,registered,wwest
ywatkins,Watkins,Yvonne,noone@nowhere.com,password,registered,ywatkins
yweaver,Weaver,Yolanda,noone@nowhere.com,password,registered,yweaver
zdavid,David,Zeek,noone@nowhere.com,password,registered,zdavid